{"cameraMode":{"drawMode":0,"name":"Shaded","section":"Shading Mode"},"sceneLighting":true,"audioPlay":false,"sceneViewState":{"m_AlwaysRefresh":false,"showFog":true,"showSkybox":true,"showFlares":true,"showImageEffects":true,"showParticleSystems":true,"showVisualEffectGraphs":true,"m_FxEnabled":true},"in2DMode":false,"pivot":{"x":6.130768299102783,"y":1.8974530696868897,"z":-0.9525089263916016},"rotation":{"x":0.43865329027175906,"y":-0.03637852892279625,"z":0.01777518540620804,"w":0.8977441787719727},"size":5.576925754547119,"orthographic":false}